Metric,Value
Validation Accuracy,0.9950000047683716
Weighted F1 Score,0.9949999687498047
Weighted Precision,0.9950082085385468
Weighted Recall,0.995
