Metric,Value
Validation Accuracy,0.9990000128746033
Weighted F1 Score,0.9989999997499999
Weighted Precision,0.9990003323336656
Weighted Recall,0.999
