Metric,Value
Validation Accuracy,0.17994150519371033
Validation Loss,2.0384554862976074
Weighted F1 Score,0.09723950454681296
Weighted Precision,0.0767050391399657
Weighted Recall,0.17994151040770687
