Metric,Value
Validation Accuracy,0.17701703310012817
Validation Loss,2.040992021560669
Weighted F1 Score,0.09684052575896178
Weighted Precision,0.06786473429776363
Weighted Recall,0.17701703079305006
