Metric,Value
Validation Accuracy,0.7631579041481018
Validation Loss,0.4845285713672638
F1 Score,0.7768595041322314
Precision,0.8392857142857143
Recall,0.7230769230769231
AUC,0.856828885400314
