Metric,Value
Validation Accuracy,0.7543859481811523
Validation Loss,0.5231345891952515
F1 Score,0.7666666666666667
Precision,0.8363636363636363
Recall,0.7076923076923077
AUC,0.8373626373626373
