Metric,Value
Validation Accuracy,0.9973333477973938
Weighted F1 Score,0.9973332906659841
Weighted Precision,0.9973544973544973
Weighted Recall,0.9973333333333333
