Metric,Value
Validation Accuracy,0.8070175647735596
Validation Loss,0.4528461992740631
F1 Score,0.8253968253968254
Precision,0.8524590163934426
Recall,0.8
AUC,0.8690737833594977
