Metric,                 Value
Validation Accuracy,    0.3333333432674408
Weighted F1 Score,      0.16666666666666666
Weighted Precision,     0.1111111111111111
Weighted Recall,        0.3333333333333333


