Metric,Value
Validation Accuracy,0.9933333396911621
Weighted F1 Score,0.9933326665999933
Weighted Precision,0.9934640522875817
Weighted Recall,0.9933333333333333
