Metric,Value
Validation Accuracy,0.9983333349227905
Weighted F1 Score,0.998333329583325
Weighted Precision,0.9983363183601986
Weighted Recall,0.9983333333333333
