Metric,Value
Validation Accuracy,0.9893333315849304
Weighted F1 Score,0.989330601967437
Weighted Precision,0.9896640826873384
Weighted Recall,0.9893333333333333
