Metric,Value
Validation Accuracy,0.9963333606719971
Weighted F1 Score,0.9963333104165234
Weighted Precision,0.9963415752060468
Weighted Recall,0.9963333333333333
